round,case,build,seconds,niter
1,rss_p1000,base,1.010,5
1,rss_p1000,fast,0.390,5
1,rss_p3000,base,3.580,3
1,rss_p3000,fast,0.810,3
1,rssrefine_p1000,base,4.300,5
1,rssrefine_p1000,fast,0.990,5
1,ind_p1000,base,3.850,5
1,ind_p1000,fast,0.970,5
1,ind_p3000,base,7.130,3
1,ind_p3000,fast,1.280,3
2,rss_p1000,base,0.970,5
2,rss_p1000,fast,0.370,5
2,rss_p3000,base,3.260,3
2,rss_p3000,fast,0.660,3
2,rssrefine_p1000,base,4.120,5
2,rssrefine_p1000,fast,0.820,5
2,ind_p1000,base,3.910,5
2,ind_p1000,fast,0.980,5
2,ind_p3000,base,6.990,3
2,ind_p3000,fast,1.280,3
3,rss_p1000,base,0.980,5
3,rss_p1000,fast,0.340,5
3,rss_p3000,base,3.080,3
3,rss_p3000,fast,0.670,3
3,rssrefine_p1000,base,4.390,5
3,rssrefine_p1000,fast,0.830,5
3,ind_p1000,base,3.860,5
3,ind_p1000,fast,0.970,5
3,ind_p3000,base,6.920,3
3,ind_p3000,fast,1.250,3
